insert_id,pos,position_status,sv,closest_original_id,closest_original_distance
3,552071,new,unknown,4,5096
6,560570,new,unknown,5,311
7,711466,new,simple_insertion,5,151207
8,1064541,new,simple_insertion,9,123295
11,1205560,new,unknown,10,13059
12,1389004,new,unknown,13,16120
17,1675023,new,unknown,16,171132
18,1676415,new,unknown,16,172524
19,1742191,new,simple_insertion,16,238300
20,1770809,new,simple_insertion,26,215640
21,1787489,new,unknown,26,198960
22,1788080,new,unknown,26,198369
23,1834458,new,unknown,26,151991
24,1922920,new,unknown,26,63529
25,1952965,new,simple_insertion,26,33484
28,2129972,new,simple_insertion,27,138863
29,2173590,new,simple_insertion,32,132896
30,2214531,new,unknown,32,91955
31,2225636,new,unknown,32,80850
34,2319453,new,unknown,33,8305
35,2402509,new,unknown,33,91361
36,2406992,new,unknown,33,95844
37,2661333,new,unknown,33,350185
38,2667126,new,unknown,33,355978
39,2815197,new,simple_insertion,33,504049
40,3054482,new,unknown,43,319164
41,3067259,new,unknown,43,306387
42,3085695,new,unknown,43,287951
45,3704609,new,unknown,48,161922
46,3704766,new,unknown,48,161765
47,3835135,new,simple_insertion,48,31396
